11251973,Slide01.png
11113989,Slide02.png
11113893,Slide03.png
11106981,Slide04.png
11107157,Slide05.png
11106725,Slide06.png
11113621,Slide07.png
11113717,Slide08.png
11113813,Slide09.png
11113045,Slide10.png
10905573,Slide11.png
10905397,Slide12.png
10308981,Slide13.png
10308885,Slide14.png
10256645,Slide15.png
10256549,Slide16.png
10256453,Slide17.png
10113701,Slide18.png
10113605,Slide19.png
10113269,Slide20.png
10104341,Slide21.png
10104245,Slide22.png
10700693,Slide23.png
10664421,Slide24.png
10664325,Slide25.png
10514405,Slide26.png
10514581,Slide27.png
10514757,Slide28.png
10457829,Slide29.png
10457733,Slide30.png
10457637,Slide31.png
10309509,Slide32.png
10515269,Slide33.png
10515093,Slide34.png
10515189,Slide35.png
10514357,Slide36.png
10663429,Slide37.png
10721749,Slide38.png
10721573,Slide39.png
10721669,Slide40.png
10664741,Slide41.png
10664885,Slide42.png
10664805,Slide43.png
10665093,Slide44.png
10665173,Slide45.png
10721509,Slide46.png
10721333,Slide47.png
10721157,Slide48.png
10907077,Slide49.png
10907173,Slide50.png
